time,asset1_databufferfillratio
0,0
14,0.006
15,0.009000000000000001
44,0.015000000000000001
45,0.018000000000000002
74,0.024
75,0.027
