time,asset1_incidenceangle
0,0
13.5,30.57849859504949
14.5,0
43.5,30.478919796567034
44.5,0
73.5,30.385222134694196
74.5,0
